question_id, tag, link, tags
2745265,c++_polymorphism, https://stackoverflow.com/questions/2745265/is-listdog-a-subclass-of-listanimal-why-are-java-generics-not-implicitly-po, java;generics;inheritance;polymorphism;
6308178,c++_polymorphism, https://stackoverflow.com/questions/6308178/what-is-the-main-difference-between-inheritance-and-polymorphism, java;oop;inheritance;polymorphism;
3255530,c++_polymorphism, https://stackoverflow.com/questions/3255530/jump-into-interface-implementation-in-eclipse-ide, eclipse;interface;polymorphism;
9852831,c++_polymorphism, https://stackoverflow.com/questions/9852831/polymorphism-why-use-list-list-new-arraylist-instead-of-arraylist-list-n, java;list;interface;polymorphism;
9810445,c++_polymorphism, https://stackoverflow.com/questions/9810445/listmapstring-string-vs-list-extends-mapstring-string, java;generics;inheritance;polymorphism;
5854581,c++_polymorphism, https://stackoverflow.com/questions/5854581/polymorphism-in-c, c++;polymorphism;c++-faq;
2170688,c++_polymorphism, https://stackoverflow.com/questions/2170688/private-virtual-method-in-c, c++;polymorphism;access-specifier;
5780584,c++_polymorphism, https://stackoverflow.com/questions/5780584/will-gettype-return-the-most-derived-type-when-called-from-the-base-class, c#;inheritance;polymorphism;
2323401,c++_polymorphism, https://stackoverflow.com/questions/2323401/how-to-call-base-base-method, c#;polymorphism;
12031878,c++_polymorphism, https://stackoverflow.com/questions/12031878/what-is-the-purpose-of-rank2types, haskell;types;polymorphism;higher-rank-types;
35764905,c++_polymorphism, https://stackoverflow.com/questions/35764905/why-is-pure-polymorphism-preferable-over-using-rtti, c++;polymorphism;rtti;
20783266,c++_polymorphism, https://stackoverflow.com/questions/20783266/what-is-the-difference-between-dynamic-and-static-polymorphism-in-java, java;oop;polymorphism;overloading;overriding;
2790144,c++_polymorphism, https://stackoverflow.com/questions/2790144/avoiding-instanceof-in-java, java;reflection;polymorphism;instanceof;chain-of-responsibility;
5800433,c++_polymorphism, https://stackoverflow.com/questions/5800433/polymorphism-with-gson, java;json;polymorphism;gson;deserialization;
27642239,c++_polymorphism, https://stackoverflow.com/questions/27642239/what-is-polymorphism-in-javascript, javascript;oop;functional-programming;polymorphism;parametric-polymorphism;
10880472,c++_polymorphism, https://stackoverflow.com/questions/10880472/how-to-model-a-restful-api-with-inheritance, api;rest;inheritance;polymorphism;
34354516,c++_polymorphism, https://stackoverflow.com/questions/34354516/why-cant-run-time-polymorphism-be-solved-at-compile-time, c++;polymorphism;
6364409,c++_polymorphism, https://stackoverflow.com/questions/6364409/why-does-haskells-head-crash-on-an-empty-list-or-why-doesnt-it-return-an, haskell;polymorphism;parametric-polymorphism;
11082640,c++_polymorphism, https://stackoverflow.com/questions/11082640/benefit-of-polymorphism, java;oop;java-ee;polymorphism;
8447832,c++_polymorphism, https://stackoverflow.com/questions/8447832/can-i-override-a-property-in-c-how, c#;inheritance;properties;polymorphism;overriding;
7264145,c++_polymorphism, https://stackoverflow.com/questions/7264145/if-less-programming-basically-without-conditionals, oop;polymorphism;conditional;
4294844,c++_polymorphism, https://stackoverflow.com/questions/4294844/check-if-an-object-belongs-to-a-class-in-java, java;polymorphism;
2247598,c++_polymorphism, https://stackoverflow.com/questions/2247598/how-do-i-instantiate-a-class-given-its-string-name, c#;reflection;polymorphism;
30362446,c++_polymorphism, https://stackoverflow.com/questions/30362446/deserialize-json-with-jackson-into-polymorphic-types-a-complete-example-is-giv, java;json;compiler-errors;polymorphism;jackson;
32496864,c++_polymorphism, https://stackoverflow.com/questions/32496864/what-is-the-monomorphism-restriction, haskell;types;polymorphism;type-inference;monomorphism-restriction;
2835793,c++_polymorphism, https://stackoverflow.com/questions/2835793/how-does-polymorphism-work-in-python, python;polymorphism;
3724110,c++_polymorphism, https://stackoverflow.com/questions/3724110/practical-example-of-polymorphism, python;oop;polymorphism;
7222533,c++_polymorphism, https://stackoverflow.com/questions/7222533/polymorphic-model-binding, asp.net-mvc;asp.net-mvc-3;polymorphism;model-binding;
15188894,c++_polymorphism, https://stackoverflow.com/questions/15188894/why-doesnt-polymorphism-work-without-pointers-references, c++;pointers;polymorphism;virtual;
4403726,c++_polymorphism, https://stackoverflow.com/questions/4403726/learning-c-polymorphism-and-slicing, c++;polymorphism;
8777724,c++_polymorphism, https://stackoverflow.com/questions/8777724/store-derived-class-objects-in-base-class-variables, c++;polymorphism;object-slicing;
11732422,c++_polymorphism, https://stackoverflow.com/questions/11732422/is-polymorphism-possible-without-inheritance, java;oop;inheritance;polymorphism;
14299638,c++_polymorphism, https://stackoverflow.com/questions/14299638/existential-vs-universally-quantified-types-in-haskell, haskell;polymorphism;existential-type;
6730126,c++_polymorphism, https://stackoverflow.com/questions/6730126/parametric-polymorphism-vs-ad-hoc-polymorphism, java;haskell;types;polymorphism;type-inference;
11798394,c++_polymorphism, https://stackoverflow.com/questions/11798394/polymorphism-in-jackson-annotations-jsontypeinfo-usage, java;polymorphism;jackson;deserialization;
4969593,c++_polymorphism, https://stackoverflow.com/questions/4969593/achieving-polymorphism-in-functional-programming, oop;language-agnostic;prototype;functional-programming;polymorphism;
25818082,c++_polymorphism, https://stackoverflow.com/questions/25818082/vector-of-objects-belonging-to-a-trait, polymorphism;rust;
14323595,c++_polymorphism, https://stackoverflow.com/questions/14323595/best-way-to-declare-an-interface-in-c11, c++;interface;c++11;polymorphism;abstract;
6304056,c++_polymorphism, https://stackoverflow.com/questions/6304056/does-instanceof-return-true-if-instance-of-a-parent, java;oop;inheritance;polymorphism;instanceof;
8469900,c++_polymorphism, https://stackoverflow.com/questions/8469900/cant-downcast-because-class-is-not-polymorphic, c++;inheritance;polymorphism;vtable;
14934242,c++_polymorphism, https://stackoverflow.com/questions/14934242/whats-the-closest-thing-to-haskells-typeclasses-in-ocaml, haskell;polymorphism;ocaml;typeclass;
7224675,c++_polymorphism, https://stackoverflow.com/questions/7224675/practical-advantage-of-generics-vs-interfaces, c#;generics;polymorphism;
3835741,c++_polymorphism, https://stackoverflow.com/questions/3835741/are-references-and-pointers-equal-with-regards-to-polymorphism, c++;reference;polymorphism;
8853966,c++_polymorphism, https://stackoverflow.com/questions/8853966/the-inheritance-of-attributes-using-init, python;inheritance;attributes;polymorphism;
13405377,c++_polymorphism, https://stackoverflow.com/questions/13405377/how-does-java-object-casting-work-behind-the-scene, java;casting;polymorphism;
8764353,c++_polymorphism, https://stackoverflow.com/questions/8764353/what-does-has-virtual-method-but-non-virtual-destructor-warning-mean-durin, c++;polymorphism;virtual;
7342205,c++_polymorphism, https://stackoverflow.com/questions/7342205/possible-to-have-polymorphic-has-one-relationship-in-rails, ruby-on-rails;activerecord;polymorphism;
12347007,c++_polymorphism, https://stackoverflow.com/questions/12347007/how-to-achieve-dynamic-polymorphism-without-extending-a-class, java;oop;design-patterns;polymorphism;
31608902,c++_polymorphism, https://stackoverflow.com/questions/31608902/polymorphism-vs-strategy-pattern, java;design-patterns;polymorphism;strategy-pattern;
4643039,c++_polymorphism, https://stackoverflow.com/questions/4643039/c11-and-the-lack-of-polymorphic-lambdas-why, c++;lambda;c++11;standards;polymorphism;
2406857,c++_polymorphism, https://stackoverflow.com/questions/2406857/how-to-have-abstract-and-overriding-constants-in-c, c#;polymorphism;constants;
7903954,c++_polymorphism, https://stackoverflow.com/questions/7903954/why-use-id-when-we-can-just-use-nsobject, objective-c;cocoa;class;types;polymorphism;
5707250,c++_polymorphism, https://stackoverflow.com/questions/5707250/optimizing-numerical-array-performance-in-haskell, performance;haskell;floating-point;polymorphism;procedural-generation;
5886738,c++_polymorphism, https://stackoverflow.com/questions/5886738/setting-up-a-polymorphic-has-many-through-relationship, ruby-on-rails-3;polymorphism;
31858094,c++_polymorphism, https://stackoverflow.com/questions/31858094/is-vba-an-oop-language-and-does-it-support-polymorphism, excel;vba;oop;polymorphism;
3397160,c++_polymorphism, https://stackoverflow.com/questions/3397160/how-can-i-pass-a-class-as-parameter-and-return-a-generic-collection-in-java, java;generics;class;polymorphism;parameter-passing;
27866020,c++_polymorphism, https://stackoverflow.com/questions/27866020/laravel-returning-the-namespaced-owner-of-a-polymorphic-relation, laravel;laravel-4;polymorphism;eloquent;
10113254,c++_polymorphism, https://stackoverflow.com/questions/10113254/metamorphic-code-examples, polymorphism;
2119714,c++_polymorphism, https://stackoverflow.com/questions/2119714/when-to-use-enums-and-when-to-replace-them-with-a-class-with-static-members, c#;enums;polymorphism;static-members;
20534726,c++_polymorphism, https://stackoverflow.com/questions/20534726/do-subclasses-inherit-interfaces, java;polymorphism;
8329470,c++_polymorphism, https://stackoverflow.com/questions/8329470/convert-derived-class-to-base-class, c#;polymorphism;
9850892,c++_polymorphism, https://stackoverflow.com/questions/9850892/should-i-use-polymorphism-in-javascript, javascript;inheritance;polymorphism;
4029455,c++_polymorphism, https://stackoverflow.com/questions/4029455/is-there-a-haskell-equivalent-of-oops-abstract-classes-using-algebraic-data-ty, haskell;functional-programming;polymorphism;typeclass;algebraic-data-types;
18856824,c++_polymorphism, https://stackoverflow.com/questions/18856824/ad-hoc-polymorphism-and-heterogeneous-containers-with-value-semantics, c++;c++11;polymorphism;containers;heterogeneous;
8537500,c++_polymorphism, https://stackoverflow.com/questions/8537500/java-the-meaning-of-t-extends-comparablet, java;generics;polymorphism;
12002979,c++_polymorphism, https://stackoverflow.com/questions/12002979/subtype-polymorphism-in-haskell, haskell;polymorphism;
16647590,c++_polymorphism, https://stackoverflow.com/questions/16647590/static-binding-and-dynamic-binding, java;oop;polymorphism;dynamic-binding;static-binding;
7731013,c++_polymorphism, https://stackoverflow.com/questions/7731013/what-is-wrong-with-testing-an-object-to-see-if-it-implements-an-interface, c#;oop;polymorphism;
12893907,c++_polymorphism, https://stackoverflow.com/questions/12893907/are-polymorphism-overloading-and-overriding-similar-concepts, oop;polymorphism;overloading;overriding;
3610936,c++_polymorphism, https://stackoverflow.com/questions/3610936/why-can-i-access-a-derived-private-member-function-via-a-base-class-pointer-to-a, c++;inheritance;polymorphism;access-modifiers;
11064409,c++_polymorphism, https://stackoverflow.com/questions/11064409/why-to-use-polymorphism, java;polymorphism;
2203388,c++_polymorphism, https://stackoverflow.com/questions/2203388/c-templates-polymorphism, c++;templates;polymorphism;
4056452,c++_polymorphism, https://stackoverflow.com/questions/4056452/how-do-i-implement-a-generic-mathematical-function-in-scala, scala;polymorphism;
5894775,c++_polymorphism, https://stackoverflow.com/questions/5894775/polymorphic-objects-on-the-stack, c++;polymorphism;
7657827,c++_polymorphism, https://stackoverflow.com/questions/7657827/why-cant-the-type-of-id-be-specialised-to-forall-a-a-a-forall-b-b, haskell;polymorphism;impredicativetypes;ascription;
9347406,c++_polymorphism, https://stackoverflow.com/questions/9347406/how-to-refer-to-a-parent-method-in-python, python;inheritance;polymorphism;
4779028,c++_polymorphism, https://stackoverflow.com/questions/4779028/why-dont-the-haskell-standard-libraries-make-more-use-of-polymorphism, haskell;polymorphism;generic-programming;
17834145,c++_polymorphism, https://stackoverflow.com/questions/17834145/whats-the-use-of-saying-extends-someobject-instead-of-someobject, java;generics;polymorphism;
8749271,c++_polymorphism, https://stackoverflow.com/questions/8749271/when-is-it-acceptable-to-use-instanceof, java;polymorphism;instanceof;flawed-concept;
25182186,c++_polymorphism, https://stackoverflow.com/questions/25182186/how-does-polymorphism-make-my-code-more-flexible, oop;polymorphism;
8542661,c++_polymorphism, https://stackoverflow.com/questions/8542661/general-polymorphism-with-php-examples, php;polymorphism;
26727088,c++_polymorphism, https://stackoverflow.com/questions/26727088/laravel-eager-loading-polymorphic-relations-related-models, laravel;eloquent;polymorphic-associations;eager-loading;polymorphism;
11502433,c++_polymorphism, https://stackoverflow.com/questions/11502433/what-is-the-difference-between-polymorphism-and-duck-typing, oop;polymorphism;duck-typing;
8017172,c++_polymorphism, https://stackoverflow.com/questions/8017172/why-is-ocamls-not-polymorphic, polymorphism;ocaml;addition;
6964678,c++_polymorphism, https://stackoverflow.com/questions/6964678/habtm-polymorphic-relationship, ruby-on-rails-3;activerecord;polymorphism;relationship;has-many-polymorphs;
2080020,c++_polymorphism, https://stackoverflow.com/questions/2080020/what-is-the-real-significanceuse-of-polymorphism, oop;polymorphism;
4866873,c++_polymorphism, https://stackoverflow.com/questions/4866873/replace-conditional-with-polymorphism-nice-in-theory-but-not-practical, refactoring;polymorphism;conditional;
23055354,c++_polymorphism, https://stackoverflow.com/questions/23055354/how-does-the-this-keyword-in-java-inheritance-work, java;inheritance;polymorphism;this;
10777384,c++_polymorphism, https://stackoverflow.com/questions/10777384/method-accepting-two-different-types-as-parameter, java;generics;polymorphism;overloading;
4960891,c++_polymorphism, https://stackoverflow.com/questions/4960891/polymorphism-and-method-overloading, java;polymorphism;overloading;
5731217,c++_polymorphism, https://stackoverflow.com/questions/5731217/how-to-copy-create-derived-class-instance-from-a-pointer-to-a-polymorphic-base-c, c++;class;copy;instance;polymorphism;
5671303,c++_polymorphism, https://stackoverflow.com/questions/5671303/what-is-haskells-style-of-polymorphism, haskell;functional-programming;polymorphism;type-systems;
4738405,c++_polymorphism, https://stackoverflow.com/questions/4738405/how-can-i-store-objects-of-differing-types-in-a-c-container, c++;types;polymorphism;containers;
3939903,c++_polymorphism, https://stackoverflow.com/questions/3939903/invocation-of-a-polymorphic-field-like-event, c#;events;polymorphism;overriding;
8405364,c++_polymorphism, https://stackoverflow.com/questions/8405364/use-case-for-rank-3-or-higher-polymorphism, haskell;types;polymorphism;higher-rank-types;parametric-polymorphism;
8296695,c++_polymorphism, https://stackoverflow.com/questions/8296695/is-milner-let-polymorphism-a-rank-2-feature, haskell;polymorphism;type-systems;
1963926,c++_polymorphism, https://stackoverflow.com/questions/1963926/when-is-a-vtable-created-in-c, c++;polymorphism;virtual-functions;vtable;
8355912,c++_polymorphism, https://stackoverflow.com/questions/8355912/overloading-is-compile-time-polymorphism-really, java;polymorphism;overloading;overriding;method-dispatch;
4753629,c++_polymorphism, https://stackoverflow.com/questions/4753629/how-do-i-make-a-class-generic-for-all-numeric-types, scala;polymorphism;type-parameter;
2238642,c++_polymorphism, https://stackoverflow.com/questions/2238642/is-there-anything-composition-cannot-accomplish-that-inheritance-can, oop;inheritance;polymorphism;composition;
20611001,c++_polymorphism, https://stackoverflow.com/questions/20611001/private-class-as-return-type-from-public-method, java;polymorphism;access-modifiers;
9759141,c++_polymorphism, https://stackoverflow.com/questions/9759141/overloading-in-java-and-multiple-dispatch, java;oop;polymorphism;overloading;
7173747,c++_polymorphism, https://stackoverflow.com/questions/7173747/using-action-dictionaries-instead-of-switch-statements, c#;refactoring;polymorphism;conditional-statements;
14425497,c++_polymorphism, https://stackoverflow.com/questions/14425497/angularjs-ngrepeat-with-multiple-object-types, javascript;dom;polymorphism;angularjs;rendering;
18757431,c++_polymorphism, https://stackoverflow.com/questions/18757431/jackson-jsontypeinfo-as-external-property-doesnt-work-as-expected, json;polymorphism;jackson;
14053596,c++_polymorphism, https://stackoverflow.com/questions/14053596/compiler-error-reference-to-call-ambiguous, java;methods;polymorphism;java-7;boxing;
15362424,c++_polymorphism, https://stackoverflow.com/questions/15362424/method-with-same-name-and-signature-but-different-return-type-in-c, c#;.net;c#-4.0;inheritance;polymorphism;
18873871,c++_polymorphism, https://stackoverflow.com/questions/18873871/c-converting-a-base-class-pointer-to-a-derived-class-pointer, c++;pointers;polymorphism;
4186320,c++_polymorphism, https://stackoverflow.com/questions/4186320/why-cast-after-an-instanceof, java;polymorphism;instanceof;
3982673,c++_polymorphism, https://stackoverflow.com/questions/3982673/force-base-method-call, c#;java;inheritance;polymorphism;super;
14298715,c++_polymorphism, https://stackoverflow.com/questions/14298715/c-cast-operator-overloading-and-polymorhism, c++;casting;polymorphism;overloading;operator-keyword;
7720108,c++_polymorphism, https://stackoverflow.com/questions/7720108/total-function-of-type-forall-n-maybe-f-n-maybe-forall-n-f-n, haskell;types;polymorphism;
2400284,c++_polymorphism, https://stackoverflow.com/questions/2400284/is-method-overloading-considered-polymorphism, language-agnostic;polymorphism;overloading;
9425822,c++_polymorphism, https://stackoverflow.com/questions/9425822/why-use-base-class-pointers-for-derived-classes, c++;oop;polymorphism;virtual-functions;base-class;
7337582,c++_polymorphism, https://stackoverflow.com/questions/7337582/more-on-generic-scala-functions, scala;haskell;polymorphism;numeric;
4179453,c++_polymorphism, https://stackoverflow.com/questions/4179453/why-are-polymorphic-values-not-inferred-in-haskell, haskell;polymorphism;type-inference;monomorphism-restriction;
7716435,c++_polymorphism, https://stackoverflow.com/questions/7716435/why-would-you-declare-an-interface-and-then-instantiate-an-object-with-it-in-jav, java;oop;interface;polymorphism;
2898422,c++_polymorphism, https://stackoverflow.com/questions/2898422/calling-an-overridden-method-from-a-parent-class-ctor, c#;java;c++;inheritance;polymorphism;
6147658,c++_polymorphism, https://stackoverflow.com/questions/6147658/are-interfaces-compatible-with-polymorphism, c#;.net;oop;interface;polymorphism;
15945404,c++_polymorphism, https://stackoverflow.com/questions/15945404/jackson-polymorphic-deserialization-based-on-enum, java;json;polymorphism;jackson;
3595731,c++_polymorphism, https://stackoverflow.com/questions/3595731/default-implementation-or-abstract-method, java;polymorphism;default;abstract-methods;
27351698,c++_polymorphism, https://stackoverflow.com/questions/27351698/jackson-custom-deserializer-for-one-field-with-polymorphic-types, java;json;polymorphism;jackson;deserialization;
7192069,c++_polymorphism, https://stackoverflow.com/questions/7192069/polymorphic-c-references, c++;polymorphism;reference;
12918637,c++_polymorphism, https://stackoverflow.com/questions/12918637/why-does-it-make-sense-to-give-definition-for-a-pure-virtual-function, c++;class;polymorphism;virtual-functions;
