question_id, tag, link, tags, accepted_answer
2745265,polymorphism, https://stackoverflow.com/questions/2745265/is-listdog-a-subclass-of-listanimal-why-are-java-generics-not-implicitly-po, java;generics;inheritance;polymorphism,https://stackoverflow.com/questions/2745265/is-listdog-a-subclass-of-listanimal-why-are-java-generics-not-implicitly-po/2745301#2745301
6308178,polymorphism, https://stackoverflow.com/questions/6308178/what-is-the-main-difference-between-inheritance-and-polymorphism, java;oop;inheritance;polymorphism,https://stackoverflow.com/questions/6308178/what-is-the-main-difference-between-inheritance-and-polymorphism/6308235#6308235
9852831,polymorphism, https://stackoverflow.com/questions/9852831/polymorphism-why-use-list-list-new-arraylist-instead-of-arraylist-list-n, java;list;interface;polymorphism,https://stackoverflow.com/questions/9852831/polymorphism-why-use-list-list-new-arraylist-instead-of-arraylist-list-n/9853116#9853116
3255530,polymorphism, https://stackoverflow.com/questions/3255530/jump-into-interface-implementation-in-eclipse-ide, eclipse;interface;polymorphism,https://stackoverflow.com/questions/3255530/jump-into-interface-implementation-in-eclipse-ide/3255601#3255601
9810445,polymorphism, https://stackoverflow.com/questions/9810445/listmapstring-string-vs-list-extends-mapstring-string, java;generics;inheritance;polymorphism,https://stackoverflow.com/questions/9810445/listmapstring-string-vs-list-extends-mapstring-string/9810499#9810499
5854581,polymorphism, https://stackoverflow.com/questions/5854581/polymorphism-in-c, c++;polymorphism;c++-faq,https://stackoverflow.com/questions/5854581/polymorphism-in-c/5854862#5854862
5780584,polymorphism, https://stackoverflow.com/questions/5780584/will-gettype-return-the-most-derived-type-when-called-from-the-base-class, c#;inheritance;polymorphism,https://stackoverflow.com/questions/5780584/will-gettype-return-the-most-derived-type-when-called-from-the-base-class/5780613#5780613
12031878,polymorphism, https://stackoverflow.com/questions/12031878/what-is-the-purpose-of-rank2types, haskell;types;polymorphism;higher-rank-types,https://stackoverflow.com/questions/12031878/what-is-the-purpose-of-rank2types/12031900#12031900
20783266,polymorphism, https://stackoverflow.com/questions/20783266/what-is-the-difference-between-dynamic-and-static-polymorphism-in-java, java;oop;polymorphism;overloading;overriding,https://stackoverflow.com/questions/20783266/what-is-the-difference-between-dynamic-and-static-polymorphism-in-java/20783390#20783390
2790144,polymorphism, https://stackoverflow.com/questions/2790144/avoiding-instanceof-in-java, java;reflection;polymorphism;instanceof;chain-of-responsibility,https://stackoverflow.com/questions/2790144/avoiding-instanceof-in-java/2790215#2790215
27642239,polymorphism, https://stackoverflow.com/questions/27642239/what-is-polymorphism-in-javascript, javascript;oop;functional-programming;polymorphism;parametric-polymorphism,https://stackoverflow.com/questions/27642239/what-is-polymorphism-in-javascript/27642444#27642444
10880472,polymorphism, https://stackoverflow.com/questions/10880472/how-to-model-a-restful-api-with-inheritance, api;rest;inheritance;polymorphism,https://stackoverflow.com/questions/10880472/how-to-model-a-restful-api-with-inheritance/10883674#10883674
34354516,polymorphism, https://stackoverflow.com/questions/34354516/why-cant-run-time-polymorphism-be-solved-at-compile-time, c++;polymorphism,https://stackoverflow.com/questions/34354516/why-cant-run-time-polymorphism-be-solved-at-compile-time/34354906#34354906
6364409,polymorphism, https://stackoverflow.com/questions/6364409/why-does-haskells-head-crash-on-an-empty-list-or-why-doesnt-it-return-an, haskell;polymorphism;parametric-polymorphism,https://stackoverflow.com/questions/6364409/why-does-haskells-head-crash-on-an-empty-list-or-why-doesnt-it-return-an/6364990#6364990
11082640,polymorphism, https://stackoverflow.com/questions/11082640/benefit-of-polymorphism, java;oop;java-ee;polymorphism,https://stackoverflow.com/questions/11082640/benefit-of-polymorphism/11082726#11082726
8447832,polymorphism, https://stackoverflow.com/questions/8447832/can-i-override-a-property-in-c-how, c#;inheritance;properties;polymorphism;overriding,https://stackoverflow.com/questions/8447832/can-i-override-a-property-in-c-how/8447846#8447846
7264145,polymorphism, https://stackoverflow.com/questions/7264145/if-less-programming-basically-without-conditionals, oop;polymorphism;conditional,https://stackoverflow.com/questions/7264145/if-less-programming-basically-without-conditionals/7264192#7264192
4294844,polymorphism, https://stackoverflow.com/questions/4294844/check-if-an-object-belongs-to-a-class-in-java, java;polymorphism,https://stackoverflow.com/questions/4294844/check-if-an-object-belongs-to-a-class-in-java/4294902#4294902
2247598,polymorphism, https://stackoverflow.com/questions/2247598/how-do-i-instantiate-a-class-given-its-string-name, c#;reflection;polymorphism,https://stackoverflow.com/questions/2247598/how-do-i-instantiate-a-class-given-its-string-name/2247606#2247606
30362446,polymorphism, https://stackoverflow.com/questions/30362446/deserialize-json-with-jackson-into-polymorphic-types-a-complete-example-is-giv, java;json;compiler-errors;polymorphism;jackson,https://stackoverflow.com/questions/30362446/deserialize-json-with-jackson-into-polymorphic-types-a-complete-example-is-giv/30386694#30386694
32496864,polymorphism, https://stackoverflow.com/questions/32496864/what-is-the-monomorphism-restriction, haskell;types;polymorphism;type-inference;monomorphism-restriction,https://stackoverflow.com/questions/32496864/what-is-the-monomorphism-restriction/32496865#32496865
2835793,polymorphism, https://stackoverflow.com/questions/2835793/how-does-polymorphism-work-in-python, python;polymorphism,https://stackoverflow.com/questions/2835793/how-does-polymorphism-work-in-python/2835815#2835815
3724110,polymorphism, https://stackoverflow.com/questions/3724110/practical-example-of-polymorphism, python;oop;polymorphism,https://stackoverflow.com/questions/3724110/practical-example-of-polymorphism/3724160#3724160
7222533,polymorphism, https://stackoverflow.com/questions/7222533/polymorphic-model-binding, asp.net-mvc;asp.net-mvc-3;polymorphism;model-binding,https://stackoverflow.com/questions/7222533/polymorphic-model-binding/7222639#7222639
15188894,polymorphism, https://stackoverflow.com/questions/15188894/why-doesnt-polymorphism-work-without-pointers-references, c++;pointers;polymorphism;virtual,https://stackoverflow.com/questions/15188894/why-doesnt-polymorphism-work-without-pointers-references/15190540#15190540
8777724,polymorphism, https://stackoverflow.com/questions/8777724/store-derived-class-objects-in-base-class-variables, c++;polymorphism;object-slicing,https://stackoverflow.com/questions/8777724/store-derived-class-objects-in-base-class-variables/8777747#8777747
4403726,polymorphism, https://stackoverflow.com/questions/4403726/learning-c-polymorphism-and-slicing, c++;polymorphism,https://stackoverflow.com/questions/4403726/learning-c-polymorphism-and-slicing/4403759#4403759
25818082,polymorphism, https://stackoverflow.com/questions/25818082/vector-of-objects-belonging-to-a-trait, polymorphism;rust,https://stackoverflow.com/questions/25818082/vector-of-objects-belonging-to-a-trait/25819164#25819164
14299638,polymorphism, https://stackoverflow.com/questions/14299638/existential-vs-universally-quantified-types-in-haskell, haskell;polymorphism;existential-type,https://stackoverflow.com/questions/14299638/existential-vs-universally-quantified-types-in-haskell/14299983#14299983
6730126,polymorphism, https://stackoverflow.com/questions/6730126/parametric-polymorphism-vs-ad-hoc-polymorphism, java;haskell;types;polymorphism;type-inference,https://stackoverflow.com/questions/6730126/parametric-polymorphism-vs-ad-hoc-polymorphism/6885445#6885445
11732422,polymorphism, https://stackoverflow.com/questions/11732422/is-polymorphism-possible-without-inheritance, java;oop;inheritance;polymorphism,https://stackoverflow.com/questions/11732422/is-polymorphism-possible-without-inheritance/11732581#11732581
11798394,polymorphism, https://stackoverflow.com/questions/11798394/polymorphism-in-jackson-annotations-jsontypeinfo-usage, java;polymorphism;jackson;deserialization,https://stackoverflow.com/questions/11798394/polymorphism-in-jackson-annotations-jsontypeinfo-usage/11798485#11798485
4969593,polymorphism, https://stackoverflow.com/questions/4969593/achieving-polymorphism-in-functional-programming, oop;language-agnostic;prototype;functional-programming;polymorphism,https://stackoverflow.com/questions/4969593/achieving-polymorphism-in-functional-programming/4970990#4970990
14323595,polymorphism, https://stackoverflow.com/questions/14323595/best-way-to-declare-an-interface-in-c11, c++;interface;c++11;polymorphism;abstract,https://stackoverflow.com/questions/14323595/best-way-to-declare-an-interface-in-c11/14323676#14323676
6304056,polymorphism, https://stackoverflow.com/questions/6304056/does-instanceof-return-true-if-instance-of-a-parent, java;oop;inheritance;polymorphism;instanceof,https://stackoverflow.com/questions/6304056/does-instanceof-return-true-if-instance-of-a-parent/6304115#6304115
8469900,polymorphism, https://stackoverflow.com/questions/8469900/cant-downcast-because-class-is-not-polymorphic, c++;inheritance;polymorphism;vtable,https://stackoverflow.com/questions/8469900/cant-downcast-because-class-is-not-polymorphic/8469954#8469954
14934242,polymorphism, https://stackoverflow.com/questions/14934242/whats-the-closest-thing-to-haskells-typeclasses-in-ocaml, haskell;polymorphism;ocaml;typeclass,https://stackoverflow.com/questions/14934242/whats-the-closest-thing-to-haskells-typeclasses-in-ocaml/14934895#14934895
7224675,polymorphism, https://stackoverflow.com/questions/7224675/practical-advantage-of-generics-vs-interfaces, c#;generics;polymorphism,https://stackoverflow.com/questions/7224675/practical-advantage-of-generics-vs-interfaces/7227321#7227321
3835741,polymorphism, https://stackoverflow.com/questions/3835741/are-references-and-pointers-equal-with-regards-to-polymorphism, c++;reference;polymorphism,https://stackoverflow.com/questions/3835741/are-references-and-pointers-equal-with-regards-to-polymorphism/3835757#3835757
31608902,polymorphism, https://stackoverflow.com/questions/31608902/polymorphism-vs-strategy-pattern, java;design-patterns;polymorphism;strategy-pattern,https://stackoverflow.com/questions/31608902/polymorphism-vs-strategy-pattern/31664940#31664940
8764353,polymorphism, https://stackoverflow.com/questions/8764353/what-does-has-virtual-method-but-non-virtual-destructor-warning-mean-durin, c++;polymorphism;virtual,https://stackoverflow.com/questions/8764353/what-does-has-virtual-method-but-non-virtual-destructor-warning-mean-durin/8764393#8764393
8853966,polymorphism, https://stackoverflow.com/questions/8853966/the-inheritance-of-attributes-using-init, python;inheritance;attributes;polymorphism,https://stackoverflow.com/questions/8853966/the-inheritance-of-attributes-using-init/8854054#8854054
2406857,polymorphism, https://stackoverflow.com/questions/2406857/how-to-have-abstract-and-overriding-constants-in-c, c#;polymorphism;constants,https://stackoverflow.com/questions/2406857/how-to-have-abstract-and-overriding-constants-in-c/2406891#2406891
7342205,polymorphism, https://stackoverflow.com/questions/7342205/possible-to-have-polymorphic-has-one-relationship-in-rails, ruby-on-rails;activerecord;polymorphism,https://stackoverflow.com/questions/7342205/possible-to-have-polymorphic-has-one-relationship-in-rails/7342305#7342305
3397160,polymorphism, https://stackoverflow.com/questions/3397160/how-can-i-pass-a-class-as-parameter-and-return-a-generic-collection-in-java, java;generics;class;polymorphism;parameter-passing,https://stackoverflow.com/questions/3397160/how-can-i-pass-a-class-as-parameter-and-return-a-generic-collection-in-java/3412175#3412175
7903954,polymorphism, https://stackoverflow.com/questions/7903954/why-use-id-when-we-can-just-use-nsobject, objective-c;cocoa;class;types;polymorphism,https://stackoverflow.com/questions/7903954/why-use-id-when-we-can-just-use-nsobject/7904028#7904028
5886738,polymorphism, https://stackoverflow.com/questions/5886738/setting-up-a-polymorphic-has-many-through-relationship, ruby-on-rails-3;polymorphism,https://stackoverflow.com/questions/5886738/setting-up-a-polymorphic-has-many-through-relationship/6011770#6011770
31858094,polymorphism, https://stackoverflow.com/questions/31858094/is-vba-an-oop-language-and-does-it-support-polymorphism, excel;vba;oop;polymorphism,https://stackoverflow.com/questions/31858094/is-vba-an-oop-language-and-does-it-support-polymorphism/31861832#31861832
5707250,polymorphism, https://stackoverflow.com/questions/5707250/optimizing-numerical-array-performance-in-haskell, performance;haskell;floating-point;polymorphism;procedural-generation,https://stackoverflow.com/questions/5707250/optimizing-numerical-array-performance-in-haskell/5707388#5707388
27866020,polymorphism, https://stackoverflow.com/questions/27866020/laravel-returning-the-namespaced-owner-of-a-polymorphic-relation, laravel;laravel-4;polymorphism;eloquent,https://stackoverflow.com/questions/27866020/laravel-returning-the-namespaced-owner-of-a-polymorphic-relation/27909753#27909753
20534726,polymorphism, https://stackoverflow.com/questions/20534726/do-subclasses-inherit-interfaces, java;polymorphism,https://stackoverflow.com/questions/20534726/do-subclasses-inherit-interfaces/20534868#20534868
8329470,polymorphism, https://stackoverflow.com/questions/8329470/convert-derived-class-to-base-class, c#;polymorphism,https://stackoverflow.com/questions/8329470/convert-derived-class-to-base-class/8329517#8329517
8537500,polymorphism, https://stackoverflow.com/questions/8537500/java-the-meaning-of-t-extends-comparablet, java;generics;polymorphism,https://stackoverflow.com/questions/8537500/java-the-meaning-of-t-extends-comparablet/8537561#8537561
2119714,polymorphism, https://stackoverflow.com/questions/2119714/when-to-use-enums-and-when-to-replace-them-with-a-class-with-static-members, c#;enums;polymorphism;static-members,https://stackoverflow.com/questions/2119714/when-to-use-enums-and-when-to-replace-them-with-a-class-with-static-members/2120100#2120100
9850892,polymorphism, https://stackoverflow.com/questions/9850892/should-i-use-polymorphism-in-javascript, javascript;inheritance;polymorphism,https://stackoverflow.com/questions/9850892/should-i-use-polymorphism-in-javascript/9851525#9851525
4029455,polymorphism, https://stackoverflow.com/questions/4029455/is-there-a-haskell-equivalent-of-oops-abstract-classes-using-algebraic-data-ty, haskell;functional-programming;polymorphism;typeclass;algebraic-data-types,https://stackoverflow.com/questions/4029455/is-there-a-haskell-equivalent-of-oops-abstract-classes-using-algebraic-data-ty/4029906#4029906
18856824,polymorphism, https://stackoverflow.com/questions/18856824/ad-hoc-polymorphism-and-heterogeneous-containers-with-value-semantics, c++;c++11;polymorphism;containers;heterogeneous,https://stackoverflow.com/questions/18856824/ad-hoc-polymorphism-and-heterogeneous-containers-with-value-semantics/18868277#18868277
12002979,polymorphism, https://stackoverflow.com/questions/12002979/subtype-polymorphism-in-haskell, haskell;polymorphism,https://stackoverflow.com/questions/12002979/subtype-polymorphism-in-haskell/12004862#12004862
11064409,polymorphism, https://stackoverflow.com/questions/11064409/why-to-use-polymorphism, java;polymorphism,https://stackoverflow.com/questions/11064409/why-to-use-polymorphism/11064767#11064767
16647590,polymorphism, https://stackoverflow.com/questions/16647590/static-binding-and-dynamic-binding, java;oop;polymorphism;dynamic-binding;static-binding,https://stackoverflow.com/questions/16647590/static-binding-and-dynamic-binding/16648015#16648015
7731013,polymorphism, https://stackoverflow.com/questions/7731013/what-is-wrong-with-testing-an-object-to-see-if-it-implements-an-interface, c#;oop;polymorphism,https://stackoverflow.com/questions/7731013/what-is-wrong-with-testing-an-object-to-see-if-it-implements-an-interface/7731122#7731122
12893907,polymorphism, https://stackoverflow.com/questions/12893907/are-polymorphism-overloading-and-overriding-similar-concepts, oop;polymorphism;overloading;overriding,https://stackoverflow.com/questions/12893907/are-polymorphism-overloading-and-overriding-similar-concepts/12894211#12894211
3610936,polymorphism, https://stackoverflow.com/questions/3610936/why-can-i-access-a-derived-private-member-function-via-a-base-class-pointer-to-a, c++;inheritance;polymorphism;access-modifiers,https://stackoverflow.com/questions/3610936/why-can-i-access-a-derived-private-member-function-via-a-base-class-pointer-to-a/3610966#3610966
5894775,polymorphism, https://stackoverflow.com/questions/5894775/polymorphic-objects-on-the-stack, c++;polymorphism,https://stackoverflow.com/questions/5894775/polymorphic-objects-on-the-stack/5894903#5894903
9347406,polymorphism, https://stackoverflow.com/questions/9347406/how-to-refer-to-a-parent-method-in-python, python;inheritance;polymorphism,https://stackoverflow.com/questions/9347406/how-to-refer-to-a-parent-method-in-python/9347483#9347483
2203388,polymorphism, https://stackoverflow.com/questions/2203388/c-templates-polymorphism, c++;templates;polymorphism,https://stackoverflow.com/questions/2203388/c-templates-polymorphism/2206549#2206549
11502433,polymorphism, https://stackoverflow.com/questions/11502433/what-is-the-difference-between-polymorphism-and-duck-typing, oop;polymorphism;duck-typing,https://stackoverflow.com/questions/11502433/what-is-the-difference-between-polymorphism-and-duck-typing/11502482#11502482
4056452,polymorphism, https://stackoverflow.com/questions/4056452/how-do-i-implement-a-generic-mathematical-function-in-scala, scala;polymorphism,https://stackoverflow.com/questions/4056452/how-do-i-implement-a-generic-mathematical-function-in-scala/4058564#4058564
17834145,polymorphism, https://stackoverflow.com/questions/17834145/whats-the-use-of-saying-extends-someobject-instead-of-someobject, java;generics;polymorphism,https://stackoverflow.com/questions/17834145/whats-the-use-of-saying-extends-someobject-instead-of-someobject/17834223#17834223
8542661,polymorphism, https://stackoverflow.com/questions/8542661/general-polymorphism-with-php-examples, php;polymorphism,https://stackoverflow.com/questions/8542661/general-polymorphism-with-php-examples/8542880#8542880
26727088,polymorphism, https://stackoverflow.com/questions/26727088/laravel-eager-loading-polymorphic-relations-related-models, laravel;eloquent;polymorphic-associations;eager-loading;polymorphism,https://stackoverflow.com/questions/26727088/laravel-eager-loading-polymorphic-relations-related-models/26824640#26824640
4779028,polymorphism, https://stackoverflow.com/questions/4779028/why-dont-the-haskell-standard-libraries-make-more-use-of-polymorphism, haskell;polymorphism;generic-programming,https://stackoverflow.com/questions/4779028/why-dont-the-haskell-standard-libraries-make-more-use-of-polymorphism/4780331#4780331
8749271,polymorphism, https://stackoverflow.com/questions/8749271/when-is-it-acceptable-to-use-instanceof, java;polymorphism;instanceof;flawed-concept,https://stackoverflow.com/questions/8749271/when-is-it-acceptable-to-use-instanceof/8749401#8749401
25182186,polymorphism, https://stackoverflow.com/questions/25182186/how-does-polymorphism-make-my-code-more-flexible, oop;polymorphism,https://stackoverflow.com/questions/25182186/how-does-polymorphism-make-my-code-more-flexible/25182350#25182350
23055354,polymorphism, https://stackoverflow.com/questions/23055354/how-does-the-this-keyword-in-java-inheritance-work, java;inheritance;polymorphism;this,https://stackoverflow.com/questions/23055354/how-does-the-this-keyword-in-java-inheritance-work/23055446#23055446
10777384,polymorphism, https://stackoverflow.com/questions/10777384/method-accepting-two-different-types-as-parameter, java;generics;polymorphism;overloading,https://stackoverflow.com/questions/10777384/method-accepting-two-different-types-as-parameter/10777506#10777506
4960891,polymorphism, https://stackoverflow.com/questions/4960891/polymorphism-and-method-overloading, java;polymorphism;overloading,https://stackoverflow.com/questions/4960891/polymorphism-and-method-overloading/4960961#4960961
8017172,polymorphism, https://stackoverflow.com/questions/8017172/why-is-ocamls-not-polymorphic, polymorphism;ocaml;addition,https://stackoverflow.com/questions/8017172/why-is-ocamls-not-polymorphic/8018119#8018119
6964678,polymorphism, https://stackoverflow.com/questions/6964678/habtm-polymorphic-relationship, ruby-on-rails-3;activerecord;polymorphism;relationship;has-many-polymorphs,https://stackoverflow.com/questions/6964678/habtm-polymorphic-relationship/6965244#6965244
4866873,polymorphism, https://stackoverflow.com/questions/4866873/replace-conditional-with-polymorphism-nice-in-theory-but-not-practical, refactoring;polymorphism;conditional,https://stackoverflow.com/questions/4866873/replace-conditional-with-polymorphism-nice-in-theory-but-not-practical/4867072#4867072
5731217,polymorphism, https://stackoverflow.com/questions/5731217/how-to-copy-create-derived-class-instance-from-a-pointer-to-a-polymorphic-base-c, c++;class;copy;instance;polymorphism,https://stackoverflow.com/questions/5731217/how-to-copy-create-derived-class-instance-from-a-pointer-to-a-polymorphic-base-c/5731259#5731259
8405364,polymorphism, https://stackoverflow.com/questions/8405364/use-case-for-rank-3-or-higher-polymorphism, haskell;types;polymorphism;higher-rank-types;parametric-polymorphism,https://stackoverflow.com/questions/8405364/use-case-for-rank-3-or-higher-polymorphism/8406894#8406894
5671303,polymorphism, https://stackoverflow.com/questions/5671303/what-is-haskells-style-of-polymorphism, haskell;functional-programming;polymorphism;type-systems,https://stackoverflow.com/questions/5671303/what-is-haskells-style-of-polymorphism/5671329#5671329
4738405,polymorphism, https://stackoverflow.com/questions/4738405/how-can-i-store-objects-of-differing-types-in-a-c-container, c++;types;polymorphism;containers,https://stackoverflow.com/questions/4738405/how-can-i-store-objects-of-differing-types-in-a-c-container/4738459#4738459
3939903,polymorphism, https://stackoverflow.com/questions/3939903/invocation-of-a-polymorphic-field-like-event, c#;events;polymorphism;overriding,https://stackoverflow.com/questions/3939903/invocation-of-a-polymorphic-field-like-event/3939929#3939929
9759141,polymorphism, https://stackoverflow.com/questions/9759141/overloading-in-java-and-multiple-dispatch, java;oop;polymorphism;overloading,https://stackoverflow.com/questions/9759141/overloading-in-java-and-multiple-dispatch/9760082#9760082
8296695,polymorphism, https://stackoverflow.com/questions/8296695/is-milner-let-polymorphism-a-rank-2-feature, haskell;polymorphism;type-systems,https://stackoverflow.com/questions/8296695/is-milner-let-polymorphism-a-rank-2-feature/8297583#8297583
1963926,polymorphism, https://stackoverflow.com/questions/1963926/when-is-a-vtable-created-in-c, c++;polymorphism;virtual-functions;vtable,https://stackoverflow.com/questions/1963926/when-is-a-vtable-created-in-c/1963977#1963977
8355912,polymorphism, https://stackoverflow.com/questions/8355912/overloading-is-compile-time-polymorphism-really, java;polymorphism;overloading;overriding;method-dispatch,https://stackoverflow.com/questions/8355912/overloading-is-compile-time-polymorphism-really/8355962#8355962
4753629,polymorphism, https://stackoverflow.com/questions/4753629/how-do-i-make-a-class-generic-for-all-numeric-types, scala;polymorphism;type-parameter,https://stackoverflow.com/questions/4753629/how-do-i-make-a-class-generic-for-all-numeric-types/4754620#4754620
14053596,polymorphism, https://stackoverflow.com/questions/14053596/compiler-error-reference-to-call-ambiguous, java;methods;polymorphism;java-7;boxing,https://stackoverflow.com/questions/14053596/compiler-error-reference-to-call-ambiguous/14124169#14124169
3595731,polymorphism, https://stackoverflow.com/questions/3595731/default-implementation-or-abstract-method, java;polymorphism;default;abstract-methods,https://stackoverflow.com/questions/3595731/default-implementation-or-abstract-method/3595754#3595754
20611001,polymorphism, https://stackoverflow.com/questions/20611001/private-class-as-return-type-from-public-method, java;polymorphism;access-modifiers,https://stackoverflow.com/questions/20611001/private-class-as-return-type-from-public-method/20612547#20612547
15362424,polymorphism, https://stackoverflow.com/questions/15362424/method-with-same-name-and-signature-but-different-return-type-in-c, c#;.net;c#-4.0;inheritance;polymorphism,https://stackoverflow.com/questions/15362424/method-with-same-name-and-signature-but-different-return-type-in-c/15362589#15362589
4186320,polymorphism, https://stackoverflow.com/questions/4186320/why-cast-after-an-instanceof, java;polymorphism;instanceof,https://stackoverflow.com/questions/4186320/why-cast-after-an-instanceof/4186354#4186354
3982673,polymorphism, https://stackoverflow.com/questions/3982673/force-base-method-call, c#;java;inheritance;polymorphism;super,https://stackoverflow.com/questions/3982673/force-base-method-call/3982727#3982727
7173747,polymorphism, https://stackoverflow.com/questions/7173747/using-action-dictionaries-instead-of-switch-statements, c#;refactoring;polymorphism;conditional-statements,https://stackoverflow.com/questions/7173747/using-action-dictionaries-instead-of-switch-statements/7173795#7173795
14425497,polymorphism, https://stackoverflow.com/questions/14425497/angularjs-ngrepeat-with-multiple-object-types, javascript;dom;polymorphism;angularjs;rendering,https://stackoverflow.com/questions/14425497/angularjs-ngrepeat-with-multiple-object-types/14425547#14425547
15945404,polymorphism, https://stackoverflow.com/questions/15945404/jackson-polymorphic-deserialization-based-on-enum, java;json;polymorphism;jackson,https://stackoverflow.com/questions/15945404/jackson-polymorphic-deserialization-based-on-enum/15946535#15946535
18873871,polymorphism, https://stackoverflow.com/questions/18873871/c-converting-a-base-class-pointer-to-a-derived-class-pointer, c++;pointers;polymorphism,https://stackoverflow.com/questions/18873871/c-converting-a-base-class-pointer-to-a-derived-class-pointer/18874025#18874025
7716435,polymorphism, https://stackoverflow.com/questions/7716435/why-would-you-declare-an-interface-and-then-instantiate-an-object-with-it-in-jav, java;oop;interface;polymorphism,https://stackoverflow.com/questions/7716435/why-would-you-declare-an-interface-and-then-instantiate-an-object-with-it-in-jav/7716493#7716493
14298715,polymorphism, https://stackoverflow.com/questions/14298715/c-cast-operator-overloading-and-polymorhism, c++;casting;polymorphism;overloading;operator-keyword,https://stackoverflow.com/questions/14298715/c-cast-operator-overloading-and-polymorhism/14300750#14300750
2400284,polymorphism, https://stackoverflow.com/questions/2400284/is-method-overloading-considered-polymorphism, language-agnostic;polymorphism;overloading,https://stackoverflow.com/questions/2400284/is-method-overloading-considered-polymorphism/20784915#20784915
9425822,polymorphism, https://stackoverflow.com/questions/9425822/why-use-base-class-pointers-for-derived-classes, c++;oop;polymorphism;virtual-functions;base-class,https://stackoverflow.com/questions/9425822/why-use-base-class-pointers-for-derived-classes/9425976#9425976
7337582,polymorphism, https://stackoverflow.com/questions/7337582/more-on-generic-scala-functions, scala;haskell;polymorphism;numeric,https://stackoverflow.com/questions/7337582/more-on-generic-scala-functions/7337661#7337661
4179453,polymorphism, https://stackoverflow.com/questions/4179453/why-are-polymorphic-values-not-inferred-in-haskell, haskell;polymorphism;type-inference;monomorphism-restriction,https://stackoverflow.com/questions/4179453/why-are-polymorphic-values-not-inferred-in-haskell/4179515#4179515
7192069,polymorphism, https://stackoverflow.com/questions/7192069/polymorphic-c-references, c++;polymorphism;reference,https://stackoverflow.com/questions/7192069/polymorphic-c-references/7192124#7192124
9322253,polymorphism, https://stackoverflow.com/questions/9322253/can-functions-accept-abstract-base-classes-as-arguments, c++;inheritance;polymorphism;abstract-class,https://stackoverflow.com/questions/9322253/can-functions-accept-abstract-base-classes-as-arguments/9322266#9322266
18904582,polymorphism, https://stackoverflow.com/questions/18904582/entity-framework-polymorphic-associations, c#;entity-framework;inheritance;interface;polymorphism,https://stackoverflow.com/questions/18904582/entity-framework-polymorphic-associations/18904681#18904681
12918637,polymorphism, https://stackoverflow.com/questions/12918637/why-does-it-make-sense-to-give-definition-for-a-pure-virtual-function, c++;class;polymorphism;virtual-functions,https://stackoverflow.com/questions/12918637/why-does-it-make-sense-to-give-definition-for-a-pure-virtual-function/12918725#12918725
